,name,price,link,info,picture
0,سكودا اوكتافيا A8 Style,"EGP 305,000",https://www.olx.com.eg/en/ad/%D8%B3%D9%83%D9%88%D8%AF%D8%A7-%D8%A7%D9%88%D9%83%D8%AA%D8%A7%D9%81%D9%8A%D8%A7-a8-style-ID178931387.html,"New Cairo - El Tagamoa, Cairo•",https://images.olx.com.eg/thumbnails/19794568-240x180.jpeg
1,سكودا اوكتافيا A8 الفئه الاولى,"EGP 250,000",https://www.olx.com.eg/en/ad/%D8%B3%D9%83%D9%88%D8%AF%D8%A7-%D8%A7%D9%88%D9%83%D8%AA%D8%A7%D9%81%D9%8A%D8%A7-a8-%D8%A7%D9%84%D9%81%D8%A6%D9%87-%D8%A7%D9%84%D8%A7%D9%88%D9%84%D9%89-ID179489983.html,"Heliopolis, Cairo•",https://images.olx.com.eg/thumbnails/19798274-240x180.jpeg
2,Skoda Octavia A8,"EGP 430,000",https://www.olx.com.eg/en/ad/skoda-octavia-a8-ID195860127.html,"Tanta, Gharbia•",https://images.olx.com.eg/thumbnails/50475941-240x180.jpeg
3,سكودا اوكتافيا A8 ستايل بلس,"EGP 360,000",https://www.olx.com.eg/en/ad/%D8%B3%D9%83%D9%88%D8%AF%D8%A7-%D8%A7%D9%88%D9%83%D8%AA%D8%A7%D9%81%D9%8A%D8%A7-a8-%D8%B3%D8%AA%D8%A7%D9%8A%D9%84-%D8%A8%D9%84%D8%B3-ID179852603.html,"Heliopolis, Cairo•",https://images.olx.com.eg/thumbnails/19802218-240x180.jpeg
4,Skoda kodiaq sportline 4×4 2022. . . . . . . . . . سكودا كودياك سبورت لاين 2022,"EGP 565,000",https://www.olx.com.eg/en/ad/skoda-kodiaq-sportline-44-2022-%D8%B3%D9%83%D9%88%D8%AF%D8%A7-%D9%83%D9%88%D8%AF%D9%8A%D8%A7%D9%83-%D8%B3%D8%A8%D9%88%D8%B1%D8%AA-%D9%84%D8%A7%D9%8A%D9%86-2022-ID195492606.html,"Ismailia City, Ismailia•",https://images.olx.com.eg/thumbnails/48615762-240x180.jpeg
5,سكودا اوكتافيا A8 الفئه الثانيه,"EGP 260,000",https://www.olx.com.eg/en/ad/%D8%B3%D9%83%D9%88%D8%AF%D8%A7-%D8%A7%D9%88%D9%83%D8%AA%D8%A7%D9%81%D9%8A%D8%A7-a8-%D8%A7%D9%84%D9%81%D8%A6%D9%87-%D8%A7%D9%84%D8%AB%D8%A7%D9%86%D9%8A%D9%87-ID179490263.html,"Maadi, Cairo•",https://images.olx.com.eg/thumbnails/19797892-240x180.jpeg
6,سكودا كودياك2022 كسر زيرو,"EGP 1,675,000",https://www.olx.com.eg/en/ad/%D8%B3%D9%83%D9%88%D8%AF%D8%A7-%D9%83%D9%88%D8%AF%D9%8A%D8%A7%D9%832022-%D9%83%D8%B3%D8%B1-%D8%B2%D9%8A%D8%B1%D9%88-ID196013085.html,"Sheikh Zayed, Giza•",https://images.olx.com.eg/thumbnails/51251155-240x180.jpeg
7,سكودا اوكتافيا a8,"EGP 300,000",https://www.olx.com.eg/en/ad/%D8%B3%D9%83%D9%88%D8%AF%D8%A7-%D8%A7%D9%88%D9%83%D8%AA%D8%A7%D9%81%D9%8A%D8%A7-a8-ID184799084.html,"Heliopolis, Cairo•",https://images.olx.com.eg/thumbnails/11775132-240x180.jpeg
8,Skoda actavia A7 2020,"EGP 850,000",https://www.olx.com.eg/en/ad/skoda-actavia-a7-2020-ID196123220.html,"Sheikh Zayed, Giza•",https://images.olx.com.eg/thumbnails/51811222-240x180.jpeg
9,skoda a7 2020,"EGP 770,000",https://www.olx.com.eg/en/ad/skoda-a7-2020-ID195770502.html,"Almazah, Cairo•",https://images.olx.com.eg/thumbnails/51105597-240x180.jpeg
10,سكودا اوكتافيا A8 كسر زيرو 2021,"EGP 1,060,000",https://www.olx.com.eg/en/ad/%D8%B3%D9%83%D9%88%D8%AF%D8%A7-%D8%A7%D9%88%D9%83%D8%AA%D8%A7%D9%81%D9%8A%D8%A7-a8-%D9%83%D8%B3%D8%B1-%D8%B2%D9%8A%D8%B1%D9%88-2021-ID195671677.html,"Heliopolis, Cairo•",https://images.olx.com.eg/thumbnails/49521816-240x180.jpeg
11,سكودا كودياك موديل٢٠٢٣ ٢٠٠٠cc كماليات خاصه,"EGP 1,975,000",https://www.olx.com.eg/en/ad/%D8%B3%D9%83%D9%88%D8%AF%D8%A7-%D9%83%D9%88%D8%AF%D9%8A%D8%A7%D9%83-%D9%85%D9%88%D8%AF%D9%8A%D9%84%D9%A2%D9%A0%D9%A2%D9%A3-%D9%A2%D9%A0%D9%A0%D9%A0cc-%D9%83%D9%85%D8%A7%D9%84%D9%8A%D8%A7%D8%AA-%D8%AE%D8%A7%D8%B5%D9%87-ID192681786.html,"Heliopolis, Cairo•",https://images.olx.com.eg/thumbnails/49994460-240x180.jpeg
12,a7 توب لاين بحاله الزيرو,"EGP 293,000",https://www.olx.com.eg/en/ad/a7-%D8%AA%D9%88%D8%A8-%D9%84%D8%A7%D9%8A%D9%86-%D8%A8%D8%AD%D8%A7%D9%84%D9%87-%D8%A7%D9%84%D8%B2%D9%8A%D8%B1%D9%88-ID196036950.html,"Heliopolis, Cairo•",https://images.olx.com.eg/thumbnails/51377076-240x180.jpeg
13,اسكودا A8 عالزيروووووو,"EGP 975,000",https://www.olx.com.eg/en/ad/%D8%A7%D8%B3%D9%83%D9%88%D8%AF%D8%A7-a8-%D8%B9%D8%A7%D9%84%D8%B2%D9%8A%D8%B1%D9%88%D9%88%D9%88%D9%88%D9%88%D9%88-ID196017968.html,"Heliopolis, Cairo•",https://images.olx.com.eg/thumbnails/51277876-240x180.jpeg
14,سكودا كوديك ٢٠٢١ ديناميك,"EGP 1,320,000",https://www.olx.com.eg/en/ad/%D8%B3%D9%83%D9%88%D8%AF%D8%A7-%D9%83%D9%88%D8%AF%D9%8A%D9%83-%D9%A2%D9%A0%D9%A2%D9%A1-%D8%AF%D9%8A%D9%86%D8%A7%D9%85%D9%8A%D9%83-ID195887268.html,"Ismailia City, Ismailia•",https://images.olx.com.eg/thumbnails/50613673-240x180.jpeg
15,A8 VRS,"EGP 825,000",https://www.olx.com.eg/en/ad/a8-vrs-ID196110054.html,"Heliopolis, Cairo•",https://images.olx.com.eg/thumbnails/51742052-240x180.jpeg
16,skoda a7 2020,"EGP 770,000",https://www.olx.com.eg/en/ad/skoda-a7-2020-ID195770502.html,"Almazah, Cairo•",https://images.olx.com.eg/thumbnails/51105597-240x180.jpeg
17,سكودا كوديك,"EGP 1,400,000",https://www.olx.com.eg/en/ad/%D8%B3%D9%83%D9%88%D8%AF%D8%A7-%D9%83%D9%88%D8%AF%D9%8A%D9%83-ID196105948.html,"Madinaty, Cairo•",https://images.olx.com.eg/thumbnails/51721581-240x180.jpeg
18,سكودا اوكتافيا ٢٠٢٠ “A7”ambition Plus,"EGP 835,000",https://www.olx.com.eg/en/ad/%D8%B3%D9%83%D9%88%D8%AF%D8%A7-%D8%A7%D9%88%D9%83%D8%AA%D8%A7%D9%81%D9%8A%D8%A7-%D9%A2%D9%A0%D9%A2%D9%A0-a7ambition-plus-ID196035995.html,"Sharq District, Port Said•",https://images.olx.com.eg/thumbnails/51371293-240x180.jpeg
19,a8 style,"EGP 1,210,000",https://www.olx.com.eg/en/ad/a8-style-ID196018123.html,"Nasr City, Cairo•",https://images.olx.com.eg/thumbnails/51278728-240x180.jpeg
20,Skoda actavia A7 2020,"EGP 850,000",https://www.olx.com.eg/en/ad/skoda-actavia-a7-2020-ID196123220.html,"Sheikh Zayed, Giza•",https://images.olx.com.eg/thumbnails/51811222-240x180.jpeg
21,سكودا أوكتافيا A5 للبيع,"EGP 450,000",https://www.olx.com.eg/en/ad/%D8%B3%D9%83%D9%88%D8%AF%D8%A7-%D8%A3%D9%88%D9%83%D8%AA%D8%A7%D9%81%D9%8A%D8%A7-a5-%D9%84%D9%84%D8%A8%D9%8A%D8%B9-ID196114266.html,"Borg al-Arab, Alexandria•",https://images.olx.com.eg/thumbnails/51762538-240x180.jpeg
22,سكودا كودياك موديل٢٠٢٣ ٢٠٠٠cc كماليات خاصه,"EGP 1,975,000",https://www.olx.com.eg/en/ad/%D8%B3%D9%83%D9%88%D8%AF%D8%A7-%D9%83%D9%88%D8%AF%D9%8A%D8%A7%D9%83-%D9%85%D9%88%D8%AF%D9%8A%D9%84%D9%A2%D9%A0%D9%A2%D9%A3-%D9%A2%D9%A0%D9%A0%D9%A0cc-%D9%83%D9%85%D8%A7%D9%84%D9%8A%D8%A7%D8%AA-%D8%AE%D8%A7%D8%B5%D9%87-ID192681786.html,"Heliopolis, Cairo•",https://images.olx.com.eg/thumbnails/49994460-240x180.jpeg
23,سكودا اوكتافيا A7 2014,"EGP 575,000",https://www.olx.com.eg/en/ad/%D8%B3%D9%83%D9%88%D8%AF%D8%A7-%D8%A7%D9%88%D9%83%D8%AA%D8%A7%D9%81%D9%8A%D8%A7-a7-2014-ID196121796.html,"Heliopolis, Cairo•",https://images.olx.com.eg/thumbnails/51803527-240x180.jpeg
24,سكودا A7 موديل 2020 اعلي فئه Skoda Octavia A7,"EGP 300,000",https://www.olx.com.eg/en/ad/%D8%B3%D9%83%D9%88%D8%AF%D8%A7-a7-%D9%85%D9%88%D8%AF%D9%8A%D9%84-2020-%D8%A7%D8%B9%D9%84%D9%8A-%D9%81%D8%A6%D9%87-skoda-octavia-a7-ID196048692.html,"Maamoura, Alexandria•",https://images.olx.com.eg/thumbnails/51434392-240x180.jpeg
25,kodiaq 2020 Dynamic 43000km,"EGP 1,300,000",https://www.olx.com.eg/en/ad/kodiaq-2020-dynamic-43000km-ID196082090.html,"New Cairo - El Tagamoa, Cairo•",https://images.olx.com.eg/thumbnails/51596837-240x180.jpeg
26,skoda ovtavia a8 ampition,"EGP 900,000",https://www.olx.com.eg/en/ad/skoda-ovtavia-a8-ampition-ID196117354.html,"Mokattam, Cairo•",https://images.olx.com.eg/thumbnails/51778082-240x180.jpeg
27,اوكتافيا A8 استايل 2021 عداد 23000 صيانه توكيل,"EGP 1,030,000",https://www.olx.com.eg/en/ad/%D8%A7%D9%88%D9%83%D8%AA%D8%A7%D9%81%D9%8A%D8%A7-a8-%D8%A7%D8%B3%D8%AA%D8%A7%D9%8A%D9%84-2021-%D8%B9%D8%AF%D8%A7%D8%AF-23000-%D8%B5%D9%8A%D8%A7%D9%86%D9%87-%D8%AA%D9%88%D9%83%D9%8A%D9%84-ID196080924.html,"Mit Ghamr, Dakahlia•",https://images.olx.com.eg/thumbnails/51590634-240x180.jpeg
28,سكودا كودياك2022 كسر زيرو,"EGP 1,675,000",https://www.olx.com.eg/en/ad/%D8%B3%D9%83%D9%88%D8%AF%D8%A7-%D9%83%D9%88%D8%AF%D9%8A%D8%A7%D9%832022-%D9%83%D8%B3%D8%B1-%D8%B2%D9%8A%D8%B1%D9%88-ID196013085.html,"Sheikh Zayed, Giza•",https://images.olx.com.eg/thumbnails/51251155-240x180.jpeg
29,A5 موديل ٢٠٠٧,"EGP 375,000",https://www.olx.com.eg/en/ad/a5-%D9%85%D9%88%D8%AF%D9%8A%D9%84-%D9%A2%D9%A0%D9%A0%D9%A7-ID196114366.html,"Shorouk City, Cairo•",https://images.olx.com.eg/thumbnails/51763020-240x180.jpeg
30,سكودا اوكتافيا للبيع موديل 2016 A7 اسكودا,"EGP 570,000",https://www.olx.com.eg/en/ad/%D8%B3%D9%83%D9%88%D8%AF%D8%A7-%D8%A7%D9%88%D9%83%D8%AA%D8%A7%D9%81%D9%8A%D8%A7-%D9%84%D9%84%D8%A8%D9%8A%D8%B9-%D9%85%D9%88%D8%AF%D9%8A%D9%84-2016-a7-%D8%A7%D8%B3%D9%83%D9%88%D8%AF%D8%A7-ID196111423.html,"Haram, Giza•",https://images.olx.com.eg/thumbnails/51748882-240x180.jpeg
31,سكودا اوكتافيا a8,"EGP 300,000",https://www.olx.com.eg/en/ad/%D8%B3%D9%83%D9%88%D8%AF%D8%A7-%D8%A7%D9%88%D9%83%D8%AA%D8%A7%D9%81%D9%8A%D8%A7-a8-ID184799084.html,"Heliopolis, Cairo•",https://images.olx.com.eg/thumbnails/11775132-240x180.jpeg
32,سكودا اوكتافيا A8 ستايل بلس,"EGP 360,000",https://www.olx.com.eg/en/ad/%D8%B3%D9%83%D9%88%D8%AF%D8%A7-%D8%A7%D9%88%D9%83%D8%AA%D8%A7%D9%81%D9%8A%D8%A7-a8-%D8%B3%D8%AA%D8%A7%D9%8A%D9%84-%D8%A8%D9%84%D8%B3-ID179852603.html,"Heliopolis, Cairo•",https://images.olx.com.eg/thumbnails/19802218-240x180.jpeg
33,سكودا اوكتافيا A8 الفئه الثانيه,"EGP 260,000",https://www.olx.com.eg/en/ad/%D8%B3%D9%83%D9%88%D8%AF%D8%A7-%D8%A7%D9%88%D9%83%D8%AA%D8%A7%D9%81%D9%8A%D8%A7-a8-%D8%A7%D9%84%D9%81%D8%A6%D9%87-%D8%A7%D9%84%D8%AB%D8%A7%D9%86%D9%8A%D9%87-ID179490263.html,"Maadi, Cairo•",https://images.olx.com.eg/thumbnails/19797892-240x180.jpeg
34,سكودا اوكتافيا A8 Style,"EGP 305,000",https://www.olx.com.eg/en/ad/%D8%B3%D9%83%D9%88%D8%AF%D8%A7-%D8%A7%D9%88%D9%83%D8%AA%D8%A7%D9%81%D9%8A%D8%A7-a8-style-ID178931387.html,"New Cairo - El Tagamoa, Cairo•",https://images.olx.com.eg/thumbnails/19794568-240x180.jpeg
35,سكودا اوكتافيا A8 الفئه الاولى,"EGP 250,000",https://www.olx.com.eg/en/ad/%D8%B3%D9%83%D9%88%D8%AF%D8%A7-%D8%A7%D9%88%D9%83%D8%AA%D8%A7%D9%81%D9%8A%D8%A7-a8-%D8%A7%D9%84%D9%81%D8%A6%D9%87-%D8%A7%D9%84%D8%A7%D9%88%D9%84%D9%89-ID179489983.html,"Heliopolis, Cairo•",https://images.olx.com.eg/thumbnails/19798274-240x180.jpeg
36,سكودا كوديك,"EGP 1,650,000",https://www.olx.com.eg/en/ad/%D8%B3%D9%83%D9%88%D8%AF%D8%A7-%D9%83%D9%88%D8%AF%D9%8A%D9%83-ID196106167.html,"New Damietta, Damietta•",https://images.olx.com.eg/thumbnails/51722837-240x180.jpeg
37,سكودا اوكتافيا a8 2021 ambationفبريكا بالكامل,"EGP 790,000",https://www.olx.com.eg/en/ad/%D8%B3%D9%83%D9%88%D8%AF%D8%A7-%D8%A7%D9%88%D9%83%D8%AA%D8%A7%D9%81%D9%8A%D8%A7-a8-2021-ambation%D9%81%D8%A8%D8%B1%D9%8A%D9%83%D8%A7-%D8%A8%D8%A7%D9%84%D9%83%D8%A7%D9%85%D9%84-ID196104003.html,"Heliopolis, Cairo•",https://images.olx.com.eg/thumbnails/51711312-240x180.jpeg
38,Kodiac sport line 2023,"EGP 1,950,000",https://www.olx.com.eg/en/ad/kodiac-sport-line-2023-ID196104207.html,"Nasr City, Cairo•",https://images.olx.com.eg/thumbnails/51712493-240x180.jpeg
39,Skoda A7 fabrika,"EGP 530,000",https://www.olx.com.eg/en/ad/skoda-a7-fabrika-ID196103098.html,"New Cairo - El Tagamoa, Cairo•",https://images.olx.com.eg/thumbnails/51706276-240x180.jpeg
40,سكودا كوديك ٢٠٢١ ديناميك,"EGP 1,320,000",https://www.olx.com.eg/en/ad/%D8%B3%D9%83%D9%88%D8%AF%D8%A7-%D9%83%D9%88%D8%AF%D9%8A%D9%83-%D9%A2%D9%A0%D9%A2%D9%A1-%D8%AF%D9%8A%D9%86%D8%A7%D9%85%D9%8A%D9%83-ID195887268.html,"Ismailia City, Ismailia•",https://images.olx.com.eg/thumbnails/50613673-240x180.jpeg
41,سكودا a8 امبيشن رخصه سنه فاميه مثبوت ع الرخصه لون لافا بلو,"EGP 985,000",https://www.olx.com.eg/en/ad/%D8%B3%D9%83%D9%88%D8%AF%D8%A7-a8-%D8%A7%D9%85%D8%A8%D9%8A%D8%B4%D9%86-%D8%B1%D8%AE%D8%B5%D9%87-%D8%B3%D9%86%D9%87-%D9%81%D8%A7%D9%85%D9%8A%D9%87-%D9%85%D8%AB%D8%A8%D9%88%D8%AA-%D8%B9-%D8%A7%D9%84%D8%B1%D8%AE%D8%B5%D9%87-%D9%84%D9%88%D9%86-%D9%84%D8%A7%D9%81%D8%A7-%D8%A8%D9%84%D9%88-ID196091784.html,"Sheikh Zayed, Giza•",https://images.olx.com.eg/thumbnails/51648955-240x180.jpeg
42,For sale Skoda Kodiaq - للبيع سكودا كودياك,"EGP 1,250,000",https://www.olx.com.eg/en/ad/for-sale-skoda-kodiaq-%D9%84%D9%84%D8%A8%D9%8A%D8%B9-%D8%B3%D9%83%D9%88%D8%AF%D8%A7-%D9%83%D9%88%D8%AF%D9%8A%D8%A7%D9%83-ID196089406.html,"New Cairo - El Tagamoa, Cairo•",https://images.olx.com.eg/thumbnails/51636853-240x180.jpeg
43,سكودا A7 2015,"EGP 560,000",https://www.olx.com.eg/en/ad/%D8%B3%D9%83%D9%88%D8%AF%D8%A7-a7-2015-ID196085108.html,"Heliopolis, Cairo•",https://images.olx.com.eg/thumbnails/51613106-240x180.jpeg
44,skoda karoq ambition zeroo,"EGP 1,265,000",https://www.olx.com.eg/en/ad/skoda-karoq-ambition-zeroo-ID196086911.html,"Madinaty, Cairo•",https://images.olx.com.eg/thumbnails/51623517-240x180.jpeg
45,سكودا اوكتافيا A8,"EGP 300,000",https://www.olx.com.eg/en/ad/%D8%B3%D9%83%D9%88%D8%AF%D8%A7-%D8%A7%D9%88%D9%83%D8%AA%D8%A7%D9%81%D9%8A%D8%A7-a8-ID194459836.html,"Nasr City, Cairo•",https://images.olx.com.eg/thumbnails/43415251-240x180.jpeg
46,سكودا كودياك . . اقل مقدم فى مصر ادفع 60 الف واسلم عربيتك,"EGP 300,000",https://www.olx.com.eg/en/ad/%D8%B3%D9%83%D9%88%D8%AF%D8%A7-%D9%83%D9%88%D8%AF%D9%8A%D8%A7%D9%83-%D8%A7%D9%82%D9%84-%D9%85%D9%82%D8%AF%D9%85-%D9%81%D9%89-%D9%85%D8%B5%D8%B1-%D8%A7%D8%AF%D9%81%D8%B9-60-%D8%A7%D9%84%D9%81-%D9%88%D8%A7%D8%B3%D9%84%D9%85-%D8%B9%D8%B1%D8%A8%D9%8A%D8%AA%D9%83-ID192394985.html,"Nasr City, Cairo•",https://images.olx.com.eg/thumbnails/37285690-240x180.jpeg
47,جنوط حديد اسكودا a4,"EGP 1,200",https://www.olx.com.eg/en/ad/%D8%AC%D9%86%D9%88%D8%B7-%D8%AD%D8%AF%D9%8A%D8%AF-%D8%A7%D8%B3%D9%83%D9%88%D8%AF%D8%A7-a4-ID196082844.html,"Helmeyat El Zaytoun, Cairo•",https://images.olx.com.eg/thumbnails/51600854-240x180.jpeg
48,سكودا كودياك سبورت لاين,"EGP 1,650,000",https://www.olx.com.eg/en/ad/%D8%B3%D9%83%D9%88%D8%AF%D8%A7-%D9%83%D9%88%D8%AF%D9%8A%D8%A7%D9%83-%D8%B3%D8%A8%D9%88%D8%B1%D8%AA-%D9%84%D8%A7%D9%8A%D9%86-ID195477448.html,"Sadat, Monufia•",https://images.olx.com.eg/thumbnails/48529245-240x180.jpeg
49,فليشيا ٩٥ بيتي,"EGP 65,000",https://www.olx.com.eg/en/ad/%D9%81%D9%84%D9%8A%D8%B4%D9%8A%D8%A7-%D9%A9%D9%A5-%D8%A8%D9%8A%D8%AA%D9%8A-ID196067288.html,"Maadi, Cairo•",https://images.olx.com.eg/thumbnails/51523885-240x180.jpeg
50,Skoda kodiaq sportline 4×4 2022. . . . . . . . . . سكودا كودياك سبورت لاين 2022,"EGP 565,000",https://www.olx.com.eg/en/ad/skoda-kodiaq-sportline-44-2022-%D8%B3%D9%83%D9%88%D8%AF%D8%A7-%D9%83%D9%88%D8%AF%D9%8A%D8%A7%D9%83-%D8%B3%D8%A8%D9%88%D8%B1%D8%AA-%D9%84%D8%A7%D9%8A%D9%86-2022-ID195492606.html,"Ismailia City, Ismailia•",https://images.olx.com.eg/thumbnails/48615762-240x180.jpeg
51,اسكودا اوكتافيا 2006 A5 كامله اوتوماتك رخصه سنتين,"EGP 275,000",https://www.olx.com.eg/en/ad/%D8%A7%D8%B3%D9%83%D9%88%D8%AF%D8%A7-%D8%A7%D9%88%D9%83%D8%AA%D8%A7%D9%81%D9%8A%D8%A7-2006-a5-%D9%83%D8%A7%D9%85%D9%84%D9%87-%D8%A7%D9%88%D8%AA%D9%88%D9%85%D8%A7%D8%AA%D9%83-%D8%B1%D8%AE%D8%B5%D9%87-%D8%B3%D9%86%D8%AA%D9%8A%D9%86-ID196064813.html,"6th of October, Giza•",https://images.olx.com.eg/thumbnails/51510796-240x180.jpeg
52,سكودا كودياك وارد ألمانيا زيرو,"EGP 2,150,000",https://www.olx.com.eg/en/ad/%D8%B3%D9%83%D9%88%D8%AF%D8%A7-%D9%83%D9%88%D8%AF%D9%8A%D8%A7%D9%83-%D9%88%D8%A7%D8%B1%D8%AF-%D8%A3%D9%84%D9%85%D8%A7%D9%86%D9%8A%D8%A7-%D8%B2%D9%8A%D8%B1%D9%88-ID196062590.html,"New Damietta, Damietta•",https://images.olx.com.eg/thumbnails/51499772-240x180.jpeg
53,Skoda Octavia A8,"EGP 430,000",https://www.olx.com.eg/en/ad/skoda-octavia-a8-ID195860127.html,"Tanta, Gharbia•",https://images.olx.com.eg/thumbnails/50475941-240x180.jpeg
54,سكودا اكتافيا 2008 a5,"EGP 260,000",https://www.olx.com.eg/en/ad/%D8%B3%D9%83%D9%88%D8%AF%D8%A7-%D8%A7%D9%83%D8%AA%D8%A7%D9%81%D9%8A%D8%A7-2008-a5-ID196056255.html,"Zahraa Al Maadi, Cairo•",https://images.olx.com.eg/thumbnails/51470250-240x180.jpeg
55,عربيه سكودا كودياك جديده للبيع 2022سبورت لاين 1500cc مواصفات اوربيه,"EGP 1,650,000",https://www.olx.com.eg/en/ad/%D8%B9%D8%B1%D8%A8%D9%8A%D9%87-%D8%B3%D9%83%D9%88%D8%AF%D8%A7-%D9%83%D9%88%D8%AF%D9%8A%D8%A7%D9%83-%D8%AC%D8%AF%D9%8A%D8%AF%D9%87-%D9%84%D9%84%D8%A8%D9%8A%D8%B9-2022%D8%B3%D8%A8%D9%88%D8%B1%D8%AA-%D9%84%D8%A7%D9%8A%D9%86-1500cc-%D9%85%D9%88%D8%A7%D8%B5%D9%81%D8%A7%D8%AA-%D8%A7%D9%88%D8%B1%D8%A8%D9%8A%D9%87-ID195948257.html,"Nasr City, Cairo•",https://images.olx.com.eg/thumbnails/50922507-240x180.jpeg
56,كوديك سبورت لاين ٢٠٢٠,"EGP 1,600,000",https://www.olx.com.eg/en/ad/%D9%83%D9%88%D8%AF%D9%8A%D9%83-%D8%B3%D8%A8%D9%88%D8%B1%D8%AA-%D9%84%D8%A7%D9%8A%D9%86-%D9%A2%D9%A0%D9%A2%D9%A0-ID196051423.html,"Dahab Island and Coldair, Giza•",https://images.olx.com.eg/thumbnails/51447465-240x180.jpeg
57,اسكودا اوكتافيا A5 2007,"EGP 330,000",https://www.olx.com.eg/en/ad/%D8%A7%D8%B3%D9%83%D9%88%D8%AF%D8%A7-%D8%A7%D9%88%D9%83%D8%AA%D8%A7%D9%81%D9%8A%D8%A7-a5-2007-ID196048295.html,"Gesr Al Suez, Cairo•",https://images.olx.com.eg/thumbnails/51432493-240x180.jpeg
58,للبيع سكودا فليشيا موديل ١٩٩٧ GLX,"EGP 57,000",https://www.olx.com.eg/en/ad/%D9%84%D9%84%D8%A8%D9%8A%D8%B9-%D8%B3%D9%83%D9%88%D8%AF%D8%A7-%D9%81%D9%84%D9%8A%D8%B4%D9%8A%D8%A7-%D9%85%D9%88%D8%AF%D9%8A%D9%84-%D9%A1%D9%A9%D9%A9%D9%A7-glx-ID196043827.html,"Shatby, Alexandria•",https://images.olx.com.eg/thumbnails/51410972-240x180.jpeg
59,Skoda Octavia A8 Gray,"EGP 850,000",https://www.olx.com.eg/en/ad/skoda-octavia-a8-gray-ID195935861.html,"Sheikh Zayed, Giza•",https://images.olx.com.eg/thumbnails/50859879-240x180.jpeg
60,سكودا كودياك ديناميك ٥ راكب خليجى موديل 2021,"EGP 1,250,000",https://www.olx.com.eg/en/ad/%D8%B3%D9%83%D9%88%D8%AF%D8%A7-%D9%83%D9%88%D8%AF%D9%8A%D8%A7%D9%83-%D8%AF%D9%8A%D9%86%D8%A7%D9%85%D9%8A%D9%83-%D9%A5-%D8%B1%D8%A7%D9%83%D8%A8-%D8%AE%D9%84%D9%8A%D8%AC%D9%89-%D9%85%D9%88%D8%AF%D9%8A%D9%84-2021-ID195093210.html,"Katameya, Cairo•",https://images.olx.com.eg/thumbnails/46600922-240x180.jpeg
61,a7 توب لاين بحاله الزيرو,"EGP 293,000",https://www.olx.com.eg/en/ad/a7-%D8%AA%D9%88%D8%A8-%D9%84%D8%A7%D9%8A%D9%86-%D8%A8%D8%AD%D8%A7%D9%84%D9%87-%D8%A7%D9%84%D8%B2%D9%8A%D8%B1%D9%88-ID196036950.html,"Heliopolis, Cairo•",https://images.olx.com.eg/thumbnails/51377076-240x180.jpeg
62,اسكودا A8 عالزيروووووو,"EGP 975,000",https://www.olx.com.eg/en/ad/%D8%A7%D8%B3%D9%83%D9%88%D8%AF%D8%A7-a8-%D8%B9%D8%A7%D9%84%D8%B2%D9%8A%D8%B1%D9%88%D9%88%D9%88%D9%88%D9%88%D9%88-ID196017968.html,"Heliopolis, Cairo•",https://images.olx.com.eg/thumbnails/51277876-240x180.jpeg
63,سكودا a8,"EGP 930,000",https://www.olx.com.eg/en/ad/%D8%B3%D9%83%D9%88%D8%AF%D8%A7-a8-ID196036503.html,"Heliopolis, Cairo•",https://images.olx.com.eg/thumbnails/51374269-240x180.jpeg
64,سكودا اوكتافيا A8 كسر زيرو 2021,"EGP 1,060,000",https://www.olx.com.eg/en/ad/%D8%B3%D9%83%D9%88%D8%AF%D8%A7-%D8%A7%D9%88%D9%83%D8%AA%D8%A7%D9%81%D9%8A%D8%A7-a8-%D9%83%D8%B3%D8%B1-%D8%B2%D9%8A%D8%B1%D9%88-2021-ID195671677.html,"Heliopolis, Cairo•",https://images.olx.com.eg/thumbnails/49521816-240x180.jpeg
65,اسكودا A7,"EGP 575,000",https://www.olx.com.eg/en/ad/%D8%A7%D8%B3%D9%83%D9%88%D8%AF%D8%A7-a7-ID196033816.html,"Mahalla al-Kobra, Gharbia•",https://images.olx.com.eg/thumbnails/51358831-240x180.jpeg
66,سكودا اوكتافيا A7 كسر زيرو 2018 للبيعskoda octavia A7,"EGP 760,000",https://www.olx.com.eg/en/ad/%D8%B3%D9%83%D9%88%D8%AF%D8%A7-%D8%A7%D9%88%D9%83%D8%AA%D8%A7%D9%81%D9%8A%D8%A7-a7-%D9%83%D8%B3%D8%B1-%D8%B2%D9%8A%D8%B1%D9%88-2018-%D9%84%D9%84%D8%A8%D9%8A%D8%B9skoda-octavia-a7-ID196033255.html,"Heliopolis, Cairo•",https://images.olx.com.eg/thumbnails/51355697-240x180.jpeg
67,سكودا كودياك امبيشن فابريكة بالكامل,"EGP 980,000",https://www.olx.com.eg/en/ad/%D8%B3%D9%83%D9%88%D8%AF%D8%A7-%D9%83%D9%88%D8%AF%D9%8A%D8%A7%D9%83-%D8%A7%D9%85%D8%A8%D9%8A%D8%B4%D9%86-%D9%81%D8%A7%D8%A8%D8%B1%D9%8A%D9%83%D8%A9-%D8%A8%D8%A7%D9%84%D9%83%D8%A7%D9%85%D9%84-ID196012263.html,"Sheikh Zayed, Giza•",https://images.olx.com.eg/thumbnails/51246580-240x180.jpeg
68,سكودا A7,"EGP 460,000",https://www.olx.com.eg/en/ad/%D8%B3%D9%83%D9%88%D8%AF%D8%A7-a7-ID194929768.html,"Abnub, Asyut•",https://images.olx.com.eg/thumbnails/45781878-240x180.jpeg
69,Skoda Kodiaq 2020,"EGP 1,625,000",https://www.olx.com.eg/en/ad/skoda-kodiaq-2020-ID196017775.html,"6th of October, Giza•",https://images.olx.com.eg/thumbnails/51276840-240x180.jpeg
70,سكودا كودياكsport line 4*4 2000cc دفع رباعي,"EGP 1,645,000",https://www.olx.com.eg/en/ad/%D8%B3%D9%83%D9%88%D8%AF%D8%A7-%D9%83%D9%88%D8%AF%D9%8A%D8%A7%D9%83sport-line-44-2000cc-%D8%AF%D9%81%D8%B9-%D8%B1%D8%A8%D8%A7%D8%B9%D9%8A-ID196016473.html,"Sheikh Zayed, Giza•",https://images.olx.com.eg/thumbnails/51269619-240x180.jpeg
71,SKODA OCTAVIA A8 2022 سكودا اوكتافيا,"EGP 1,150,000",https://www.olx.com.eg/en/ad/skoda-octavia-a8-2022-%D8%B3%D9%83%D9%88%D8%AF%D8%A7-%D8%A7%D9%88%D9%83%D8%AA%D8%A7%D9%81%D9%8A%D8%A7-ID196016647.html,"Nasr City, Cairo•",https://images.olx.com.eg/thumbnails/51270651-240x180.jpeg
72,كودياك للبيع,"EGP 1,200,000",https://www.olx.com.eg/en/ad/%D9%83%D9%88%D8%AF%D9%8A%D8%A7%D9%83-%D9%84%D9%84%D8%A8%D9%8A%D8%B9-ID196005124.html,"Hamoul, Kafr al-Sheikh•",https://images.olx.com.eg/thumbnails/51212324-240x180.jpeg
73,Skoda a7 سكودا 2020,"EGP 890,000",https://www.olx.com.eg/en/ad/skoda-a7-%D8%B3%D9%83%D9%88%D8%AF%D8%A7-2020-ID196014381.html,"Baltim, Kafr al-Sheikh•",https://images.olx.com.eg/thumbnails/51258269-240x180.jpeg
74,فانوس امامي اوكتافيا a8,"EGP 32,000",https://www.olx.com.eg/en/ad/%D9%81%D8%A7%D9%86%D9%88%D8%B3-%D8%A7%D9%85%D8%A7%D9%85%D9%8A-%D8%A7%D9%88%D9%83%D8%AA%D8%A7%D9%81%D9%8A%D8%A7-a8-ID196013864.html,"New Cairo - El Tagamoa, Cairo•",https://images.olx.com.eg/thumbnails/51255355-240x180.jpeg
75,سكودا اوكتافيا للبيع موديل 2016 طراز A7 ambition,"EGP 650,000",https://www.olx.com.eg/en/ad/%D8%B3%D9%83%D9%88%D8%AF%D8%A7-%D8%A7%D9%88%D9%83%D8%AA%D8%A7%D9%81%D9%8A%D8%A7-%D9%84%D9%84%D8%A8%D9%8A%D8%B9-%D9%85%D9%88%D8%AF%D9%8A%D9%84-2016-%D8%B7%D8%B1%D8%A7%D8%B2-a7-ambition-ID194488567.html,"Madinaty, Cairo•",https://images.olx.com.eg/thumbnails/43555514-240x180.jpeg
76,سكودا A7 2014,"EGP 475,000",https://www.olx.com.eg/en/ad/%D8%B3%D9%83%D9%88%D8%AF%D8%A7-a7-2014-ID195990289.html,"Shubra, Cairo•",https://images.olx.com.eg/thumbnails/51136391-240x180.jpeg
77,سكودا أوكتافيا A8أمبيشن 2021,"EGP 1,000,000",https://www.olx.com.eg/en/ad/%D8%B3%D9%83%D9%88%D8%AF%D8%A7-%D8%A3%D9%88%D9%83%D8%AA%D8%A7%D9%81%D9%8A%D8%A7-a8%D8%A3%D9%85%D8%A8%D9%8A%D8%B4%D9%86-2021-ID195982739.html,"Ras al-Bar, Damietta•",https://images.olx.com.eg/thumbnails/51098933-240x180.jpeg
78,سكودا اوكتافيا a8 2021 كسر زيروووو,"EGP 1,000,000",https://www.olx.com.eg/en/ad/%D8%B3%D9%83%D9%88%D8%AF%D8%A7-%D8%A7%D9%88%D9%83%D8%AA%D8%A7%D9%81%D9%8A%D8%A7-a8-2021-%D9%83%D8%B3%D8%B1-%D8%B2%D9%8A%D8%B1%D9%88%D9%88%D9%88%D9%88-ID195976100.html,"Heliopolis, Cairo•",https://images.olx.com.eg/thumbnails/51062039-240x180.jpeg
79,سكودا كودياك سبورت,"EGP 500,000",https://www.olx.com.eg/en/ad/%D8%B3%D9%83%D9%88%D8%AF%D8%A7-%D9%83%D9%88%D8%AF%D9%8A%D8%A7%D9%83-%D8%B3%D8%A8%D9%88%D8%B1%D8%AA-ID195973914.html,"Gesr Al Suez, Cairo•",https://images.olx.com.eg/thumbnails/51049938-240x180.jpeg
80,Skoda A7 2015,"EGP 435,000",https://www.olx.com.eg/en/ad/skoda-a7-2015-ID195971461.html,"New Cairo - El Tagamoa, Cairo•",https://images.olx.com.eg/thumbnails/51039115-240x180.jpeg
81,اوكتافيا A8 تربو امبيشن مو ٢٠٢٢ زيرو بجواب المرور,"EGP 1,025,000",https://www.olx.com.eg/en/ad/%D8%A7%D9%88%D9%83%D8%AA%D8%A7%D9%81%D9%8A%D8%A7-a8-%D8%AA%D8%B1%D8%A8%D9%88-%D8%A7%D9%85%D8%A8%D9%8A%D8%B4%D9%86-%D9%85%D9%88-%D9%A2%D9%A0%D9%A2%D9%A2-%D8%B2%D9%8A%D8%B1%D9%88-%D8%A8%D8%AC%D9%88%D8%A7%D8%A8-%D8%A7%D9%84%D9%85%D8%B1%D9%88%D8%B1-ID195969848.html,"New Cairo - El Tagamoa, Cairo•",https://images.olx.com.eg/thumbnails/51030538-240x180.jpeg
82,سيارة اوكتافيا A8 - امبيشن - زيرو لم ترخص,"EGP 1,060,000",https://www.olx.com.eg/en/ad/%D8%B3%D9%8A%D8%A7%D8%B1%D8%A9-%D8%A7%D9%88%D9%83%D8%AA%D8%A7%D9%81%D9%8A%D8%A7-a8-%D8%A7%D9%85%D8%A8%D9%8A%D8%B4%D9%86-%D8%B2%D9%8A%D8%B1%D9%88-%D9%84%D9%85-%D8%AA%D8%B1%D8%AE%D8%B5-ID195968410.html,"New Cairo - El Tagamoa, Cairo•",https://images.olx.com.eg/thumbnails/51023491-240x180.jpeg
83,skoda kodieq for sale,"EGP 1,150,000",https://www.olx.com.eg/en/ad/skoda-kodieq-for-sale-ID195964684.html,"Sheikh Zayed, Giza•",https://images.olx.com.eg/thumbnails/51004925-240x180.jpeg
84,سكودا اوكتفيا A8 أمبيشن بافضل سعر ف مصر كاش و تقسيط,"EGP 350,000",https://www.olx.com.eg/en/ad/%D8%B3%D9%83%D9%88%D8%AF%D8%A7-%D8%A7%D9%88%D9%83%D8%AA%D9%81%D9%8A%D8%A7-a8-%D8%A3%D9%85%D8%A8%D9%8A%D8%B4%D9%86-%D8%A8%D8%A7%D9%81%D8%B6%D9%84-%D8%B3%D8%B9%D8%B1-%D9%81-%D9%85%D8%B5%D8%B1-%D9%83%D8%A7%D8%B4-%D9%88-%D8%AA%D9%82%D8%B3%D9%8A%D8%B7-ID195553035.html,"Nasr City, Cairo•",https://images.olx.com.eg/thumbnails/48927085-240x180.jpeg
85,a8 فبريقه امبيشن,"EGP 880,000",https://www.olx.com.eg/en/ad/a8-%D9%81%D8%A8%D8%B1%D9%8A%D9%82%D9%87-%D8%A7%D9%85%D8%A8%D9%8A%D8%B4%D9%86-ID195947663.html,"Mansura, Dakahlia•",https://images.olx.com.eg/thumbnails/50919673-240x180.jpeg
86,اوكتافيا a8 2022 كسر زيرو بالتقسيط,"EGP 282,000",https://www.olx.com.eg/en/ad/%D8%A7%D9%88%D9%83%D8%AA%D8%A7%D9%81%D9%8A%D8%A7-a8-2022-%D9%83%D8%B3%D8%B1-%D8%B2%D9%8A%D8%B1%D9%88-%D8%A8%D8%A7%D9%84%D8%AA%D9%82%D8%B3%D9%8A%D8%B7-ID195942968.html,"Miami, Alexandria•",https://images.olx.com.eg/thumbnails/50894168-240x180.jpeg
87,Skoda Octavia A7,"EGP 480,000",https://www.olx.com.eg/en/ad/skoda-octavia-a7-ID195942554.html,"New Cairo - El Tagamoa, Cairo•",https://images.olx.com.eg/thumbnails/50891981-240x180.jpeg
88,سياره سكودا كودياك استايل للبيع,"EGP 1,800,000",https://www.olx.com.eg/en/ad/%D8%B3%D9%8A%D8%A7%D8%B1%D9%87-%D8%B3%D9%83%D9%88%D8%AF%D8%A7-%D9%83%D9%88%D8%AF%D9%8A%D8%A7%D9%83-%D8%A7%D8%B3%D8%AA%D8%A7%D9%8A%D9%84-%D9%84%D9%84%D8%A8%D9%8A%D8%B9-ID195917962.html,"Sidi Salem, Kafr al-Sheikh•",https://images.olx.com.eg/thumbnails/50773405-240x180.jpeg
89,اسكودا كودياك 2023 وارد المانيا مواصفات اوربيه تلفون 01009905703,"EGP 1,800,000",https://www.olx.com.eg/en/ad/%D8%A7%D8%B3%D9%83%D9%88%D8%AF%D8%A7-%D9%83%D9%88%D8%AF%D9%8A%D8%A7%D9%83-2023-%D9%88%D8%A7%D8%B1%D8%AF-%D8%A7%D9%84%D9%85%D8%A7%D9%86%D9%8A%D8%A7-%D9%85%D9%88%D8%A7%D8%B5%D9%81%D8%A7%D8%AA-%D8%A7%D9%88%D8%B1%D8%A8%D9%8A%D9%87-%D8%AA%D9%84%D9%81%D9%88%D9%86-01009905703-ID195916680.html,"Mansura, Dakahlia•",https://images.olx.com.eg/thumbnails/50766902-240x180.jpeg
90,سكودا كودياك ديناميك ٥ راكب خليجى موديل 2021,"EGP 1,250,000",https://www.olx.com.eg/en/ad/%D8%B3%D9%83%D9%88%D8%AF%D8%A7-%D9%83%D9%88%D8%AF%D9%8A%D8%A7%D9%83-%D8%AF%D9%8A%D9%86%D8%A7%D9%85%D9%8A%D9%83-%D9%A5-%D8%B1%D8%A7%D9%83%D8%A8-%D8%AE%D9%84%D9%8A%D8%AC%D9%89-%D9%85%D9%88%D8%AF%D9%8A%D9%84-2021-ID195093210.html,"Katameya, Cairo•",https://images.olx.com.eg/thumbnails/46600922-240x180.jpeg
91,a7 توب لاين بحاله الزيرو,"EGP 293,000",https://www.olx.com.eg/en/ad/a7-%D8%AA%D9%88%D8%A8-%D9%84%D8%A7%D9%8A%D9%86-%D8%A8%D8%AD%D8%A7%D9%84%D9%87-%D8%A7%D9%84%D8%B2%D9%8A%D8%B1%D9%88-ID196036950.html,"Heliopolis, Cairo•",https://images.olx.com.eg/thumbnails/51377076-240x180.jpeg
92,اسكودا A8 عالزيروووووو,"EGP 975,000",https://www.olx.com.eg/en/ad/%D8%A7%D8%B3%D9%83%D9%88%D8%AF%D8%A7-a8-%D8%B9%D8%A7%D9%84%D8%B2%D9%8A%D8%B1%D9%88%D9%88%D9%88%D9%88%D9%88%D9%88-ID196017968.html,"Heliopolis, Cairo•",https://images.olx.com.eg/thumbnails/51277876-240x180.jpeg
93,سكودا a8,"EGP 930,000",https://www.olx.com.eg/en/ad/%D8%B3%D9%83%D9%88%D8%AF%D8%A7-a8-ID196036503.html,"Heliopolis, Cairo•",https://images.olx.com.eg/thumbnails/51374269-240x180.jpeg
94,سكودا اوكتافيا A8 كسر زيرو 2021,"EGP 1,060,000",https://www.olx.com.eg/en/ad/%D8%B3%D9%83%D9%88%D8%AF%D8%A7-%D8%A7%D9%88%D9%83%D8%AA%D8%A7%D9%81%D9%8A%D8%A7-a8-%D9%83%D8%B3%D8%B1-%D8%B2%D9%8A%D8%B1%D9%88-2021-ID195671677.html,"Heliopolis, Cairo•",https://images.olx.com.eg/thumbnails/49521816-240x180.jpeg
95,اسكودا A7,"EGP 575,000",https://www.olx.com.eg/en/ad/%D8%A7%D8%B3%D9%83%D9%88%D8%AF%D8%A7-a7-ID196033816.html,"Mahalla al-Kobra, Gharbia•",https://images.olx.com.eg/thumbnails/51358831-240x180.jpeg
96,سكودا اوكتافيا A7 كسر زيرو 2018 للبيعskoda octavia A7,"EGP 760,000",https://www.olx.com.eg/en/ad/%D8%B3%D9%83%D9%88%D8%AF%D8%A7-%D8%A7%D9%88%D9%83%D8%AA%D8%A7%D9%81%D9%8A%D8%A7-a7-%D9%83%D8%B3%D8%B1-%D8%B2%D9%8A%D8%B1%D9%88-2018-%D9%84%D9%84%D8%A8%D9%8A%D8%B9skoda-octavia-a7-ID196033255.html,"Heliopolis, Cairo•",https://images.olx.com.eg/thumbnails/51355697-240x180.jpeg
97,سكودا كودياك امبيشن فابريكة بالكامل,"EGP 980,000",https://www.olx.com.eg/en/ad/%D8%B3%D9%83%D9%88%D8%AF%D8%A7-%D9%83%D9%88%D8%AF%D9%8A%D8%A7%D9%83-%D8%A7%D9%85%D8%A8%D9%8A%D8%B4%D9%86-%D9%81%D8%A7%D8%A8%D8%B1%D9%8A%D9%83%D8%A9-%D8%A8%D8%A7%D9%84%D9%83%D8%A7%D9%85%D9%84-ID196012263.html,"Sheikh Zayed, Giza•",https://images.olx.com.eg/thumbnails/51246580-240x180.jpeg
98,سكودا A7,"EGP 460,000",https://www.olx.com.eg/en/ad/%D8%B3%D9%83%D9%88%D8%AF%D8%A7-a7-ID194929768.html,"Abnub, Asyut•",https://images.olx.com.eg/thumbnails/45781878-240x180.jpeg
99,Skoda Kodiaq 2020,"EGP 1,625,000",https://www.olx.com.eg/en/ad/skoda-kodiaq-2020-ID196017775.html,"6th of October, Giza•",https://images.olx.com.eg/thumbnails/51276840-240x180.jpeg
100,سكودا كودياكsport line 4*4 2000cc دفع رباعي,"EGP 1,645,000",https://www.olx.com.eg/en/ad/%D8%B3%D9%83%D9%88%D8%AF%D8%A7-%D9%83%D9%88%D8%AF%D9%8A%D8%A7%D9%83sport-line-44-2000cc-%D8%AF%D9%81%D8%B9-%D8%B1%D8%A8%D8%A7%D8%B9%D9%8A-ID196016473.html,"Sheikh Zayed, Giza•",https://images.olx.com.eg/thumbnails/51269619-240x180.jpeg
101,SKODA OCTAVIA A8 2022 سكودا اوكتافيا,"EGP 1,150,000",https://www.olx.com.eg/en/ad/skoda-octavia-a8-2022-%D8%B3%D9%83%D9%88%D8%AF%D8%A7-%D8%A7%D9%88%D9%83%D8%AA%D8%A7%D9%81%D9%8A%D8%A7-ID196016647.html,"Nasr City, Cairo•",https://images.olx.com.eg/thumbnails/51270651-240x180.jpeg
102,كودياك للبيع,"EGP 1,200,000",https://www.olx.com.eg/en/ad/%D9%83%D9%88%D8%AF%D9%8A%D8%A7%D9%83-%D9%84%D9%84%D8%A8%D9%8A%D8%B9-ID196005124.html,"Hamoul, Kafr al-Sheikh•",https://images.olx.com.eg/thumbnails/51212324-240x180.jpeg
103,Skoda a7 سكودا 2020,"EGP 890,000",https://www.olx.com.eg/en/ad/skoda-a7-%D8%B3%D9%83%D9%88%D8%AF%D8%A7-2020-ID196014381.html,"Baltim, Kafr al-Sheikh•",https://images.olx.com.eg/thumbnails/51258269-240x180.jpeg
104,فانوس امامي اوكتافيا a8,"EGP 32,000",https://www.olx.com.eg/en/ad/%D9%81%D8%A7%D9%86%D9%88%D8%B3-%D8%A7%D9%85%D8%A7%D9%85%D9%8A-%D8%A7%D9%88%D9%83%D8%AA%D8%A7%D9%81%D9%8A%D8%A7-a8-ID196013864.html,"New Cairo - El Tagamoa, Cairo•",https://images.olx.com.eg/thumbnails/51255355-240x180.jpeg
105,سكودا اوكتافيا للبيع موديل 2016 طراز A7 ambition,"EGP 650,000",https://www.olx.com.eg/en/ad/%D8%B3%D9%83%D9%88%D8%AF%D8%A7-%D8%A7%D9%88%D9%83%D8%AA%D8%A7%D9%81%D9%8A%D8%A7-%D9%84%D9%84%D8%A8%D9%8A%D8%B9-%D9%85%D9%88%D8%AF%D9%8A%D9%84-2016-%D8%B7%D8%B1%D8%A7%D8%B2-a7-ambition-ID194488567.html,"Madinaty, Cairo•",https://images.olx.com.eg/thumbnails/43555514-240x180.jpeg
106,سكودا A7 2014,"EGP 475,000",https://www.olx.com.eg/en/ad/%D8%B3%D9%83%D9%88%D8%AF%D8%A7-a7-2014-ID195990289.html,"Shubra, Cairo•",https://images.olx.com.eg/thumbnails/51136391-240x180.jpeg
107,سكودا أوكتافيا A8أمبيشن 2021,"EGP 1,000,000",https://www.olx.com.eg/en/ad/%D8%B3%D9%83%D9%88%D8%AF%D8%A7-%D8%A3%D9%88%D9%83%D8%AA%D8%A7%D9%81%D9%8A%D8%A7-a8%D8%A3%D9%85%D8%A8%D9%8A%D8%B4%D9%86-2021-ID195982739.html,"Ras al-Bar, Damietta•",https://images.olx.com.eg/thumbnails/51098933-240x180.jpeg
108,سكودا اوكتافيا a8 2021 كسر زيروووو,"EGP 1,000,000",https://www.olx.com.eg/en/ad/%D8%B3%D9%83%D9%88%D8%AF%D8%A7-%D8%A7%D9%88%D9%83%D8%AA%D8%A7%D9%81%D9%8A%D8%A7-a8-2021-%D9%83%D8%B3%D8%B1-%D8%B2%D9%8A%D8%B1%D9%88%D9%88%D9%88%D9%88-ID195976100.html,"Heliopolis, Cairo•",https://images.olx.com.eg/thumbnails/51062039-240x180.jpeg
109,سكودا كودياك سبورت,"EGP 500,000",https://www.olx.com.eg/en/ad/%D8%B3%D9%83%D9%88%D8%AF%D8%A7-%D9%83%D9%88%D8%AF%D9%8A%D8%A7%D9%83-%D8%B3%D8%A8%D9%88%D8%B1%D8%AA-ID195973914.html,"Gesr Al Suez, Cairo•",https://images.olx.com.eg/thumbnails/51049938-240x180.jpeg
110,Skoda A7 2015,"EGP 435,000",https://www.olx.com.eg/en/ad/skoda-a7-2015-ID195971461.html,"New Cairo - El Tagamoa, Cairo•",https://images.olx.com.eg/thumbnails/51039115-240x180.jpeg
111,اوكتافيا A8 تربو امبيشن مو ٢٠٢٢ زيرو بجواب المرور,"EGP 1,025,000",https://www.olx.com.eg/en/ad/%D8%A7%D9%88%D9%83%D8%AA%D8%A7%D9%81%D9%8A%D8%A7-a8-%D8%AA%D8%B1%D8%A8%D9%88-%D8%A7%D9%85%D8%A8%D9%8A%D8%B4%D9%86-%D9%85%D9%88-%D9%A2%D9%A0%D9%A2%D9%A2-%D8%B2%D9%8A%D8%B1%D9%88-%D8%A8%D8%AC%D9%88%D8%A7%D8%A8-%D8%A7%D9%84%D9%85%D8%B1%D9%88%D8%B1-ID195969848.html,"New Cairo - El Tagamoa, Cairo•",https://images.olx.com.eg/thumbnails/51030538-240x180.jpeg
112,سيارة اوكتافيا A8 - امبيشن - زيرو لم ترخص,"EGP 1,060,000",https://www.olx.com.eg/en/ad/%D8%B3%D9%8A%D8%A7%D8%B1%D8%A9-%D8%A7%D9%88%D9%83%D8%AA%D8%A7%D9%81%D9%8A%D8%A7-a8-%D8%A7%D9%85%D8%A8%D9%8A%D8%B4%D9%86-%D8%B2%D9%8A%D8%B1%D9%88-%D9%84%D9%85-%D8%AA%D8%B1%D8%AE%D8%B5-ID195968410.html,"New Cairo - El Tagamoa, Cairo•",https://images.olx.com.eg/thumbnails/51023491-240x180.jpeg
113,skoda kodieq for sale,"EGP 1,150,000",https://www.olx.com.eg/en/ad/skoda-kodieq-for-sale-ID195964684.html,"Sheikh Zayed, Giza•",https://images.olx.com.eg/thumbnails/51004925-240x180.jpeg
114,سكودا اوكتفيا A8 أمبيشن بافضل سعر ف مصر كاش و تقسيط,"EGP 350,000",https://www.olx.com.eg/en/ad/%D8%B3%D9%83%D9%88%D8%AF%D8%A7-%D8%A7%D9%88%D9%83%D8%AA%D9%81%D9%8A%D8%A7-a8-%D8%A3%D9%85%D8%A8%D9%8A%D8%B4%D9%86-%D8%A8%D8%A7%D9%81%D8%B6%D9%84-%D8%B3%D8%B9%D8%B1-%D9%81-%D9%85%D8%B5%D8%B1-%D9%83%D8%A7%D8%B4-%D9%88-%D8%AA%D9%82%D8%B3%D9%8A%D8%B7-ID195553035.html,"Nasr City, Cairo•",https://images.olx.com.eg/thumbnails/48927085-240x180.jpeg
115,a8 فبريقه امبيشن,"EGP 880,000",https://www.olx.com.eg/en/ad/a8-%D9%81%D8%A8%D8%B1%D9%8A%D9%82%D9%87-%D8%A7%D9%85%D8%A8%D9%8A%D8%B4%D9%86-ID195947663.html,"Mansura, Dakahlia•",https://images.olx.com.eg/thumbnails/50919673-240x180.jpeg
116,اوكتافيا a8 2022 كسر زيرو بالتقسيط,"EGP 282,000",https://www.olx.com.eg/en/ad/%D8%A7%D9%88%D9%83%D8%AA%D8%A7%D9%81%D9%8A%D8%A7-a8-2022-%D9%83%D8%B3%D8%B1-%D8%B2%D9%8A%D8%B1%D9%88-%D8%A8%D8%A7%D9%84%D8%AA%D9%82%D8%B3%D9%8A%D8%B7-ID195942968.html,"Miami, Alexandria•",https://images.olx.com.eg/thumbnails/50894168-240x180.jpeg
117,Skoda Octavia A7,"EGP 480,000",https://www.olx.com.eg/en/ad/skoda-octavia-a7-ID195942554.html,"New Cairo - El Tagamoa, Cairo•",https://images.olx.com.eg/thumbnails/50891981-240x180.jpeg
118,سياره سكودا كودياك استايل للبيع,"EGP 1,800,000",https://www.olx.com.eg/en/ad/%D8%B3%D9%8A%D8%A7%D8%B1%D9%87-%D8%B3%D9%83%D9%88%D8%AF%D8%A7-%D9%83%D9%88%D8%AF%D9%8A%D8%A7%D9%83-%D8%A7%D8%B3%D8%AA%D8%A7%D9%8A%D9%84-%D9%84%D9%84%D8%A8%D9%8A%D8%B9-ID195917962.html,"Sidi Salem, Kafr al-Sheikh•",https://images.olx.com.eg/thumbnails/50773405-240x180.jpeg
119,اسكودا كودياك 2023 وارد المانيا مواصفات اوربيه تلفون 01009905703,"EGP 1,800,000",https://www.olx.com.eg/en/ad/%D8%A7%D8%B3%D9%83%D9%88%D8%AF%D8%A7-%D9%83%D9%88%D8%AF%D9%8A%D8%A7%D9%83-2023-%D9%88%D8%A7%D8%B1%D8%AF-%D8%A7%D9%84%D9%85%D8%A7%D9%86%D9%8A%D8%A7-%D9%85%D9%88%D8%A7%D8%B5%D9%81%D8%A7%D8%AA-%D8%A7%D9%88%D8%B1%D8%A8%D9%8A%D9%87-%D8%AA%D9%84%D9%81%D9%88%D9%86-01009905703-ID195916680.html,"Mansura, Dakahlia•",https://images.olx.com.eg/thumbnails/50766902-240x180.jpeg
120,فليشيا 97 GLX,"EGP 53,000",https://www.olx.com.eg/en/ad/%D9%81%D9%84%D9%8A%D8%B4%D9%8A%D8%A7-97-glx-ID195913721.html,"Heliopolis, Cairo•",https://images.olx.com.eg/thumbnails/50751298-240x180.jpeg
121,سياره سكودا فيليشيا للبيع. موديل 1997. -رخصه ساريه 33 شهر.,"EGP 55,000",https://www.olx.com.eg/en/ad/%D8%B3%D9%8A%D8%A7%D8%B1%D9%87-%D8%B3%D9%83%D9%88%D8%AF%D8%A7-%D9%81%D9%8A%D9%84%D9%8A%D8%B4%D9%8A%D8%A7-%D9%84%D9%84%D8%A8%D9%8A%D8%B9-%D9%85%D9%88%D8%AF%D9%8A%D9%84-1997-%D8%B1%D8%AE%D8%B5%D9%87-%D8%B3%D8%A7%D8%B1%D9%8A%D9%87-33-%D8%B4%D9%87%D8%B1-ID195911262.html,"Miami, Alexandria•",https://images.olx.com.eg/thumbnails/50737759-240x180.jpeg
122,اسكودا اوكتافيا A8 موديل ٢٠٢١ عداد ٢٠ الف كيلو,"EGP 950,000",https://www.olx.com.eg/en/ad/%D8%A7%D8%B3%D9%83%D9%88%D8%AF%D8%A7-%D8%A7%D9%88%D9%83%D8%AA%D8%A7%D9%81%D9%8A%D8%A7-a8-%D9%85%D9%88%D8%AF%D9%8A%D9%84-%D9%A2%D9%A0%D9%A2%D9%A1-%D8%B9%D8%AF%D8%A7%D8%AF-%D9%A2%D9%A0-%D8%A7%D9%84%D9%81-%D9%83%D9%8A%D9%84%D9%88-ID195908230.html,"Mahalla al-Kobra, Gharbia•",https://images.olx.com.eg/thumbnails/50720570-240x180.jpeg
123,ببيع عربيتي سكودا امبيشن A8 موديل ٢٠٢١ عامله فابريكا صيانات توكيل,"EGP 860,000",https://www.olx.com.eg/en/ad/%D8%A8%D8%A8%D9%8A%D8%B9-%D8%B9%D8%B1%D8%A8%D9%8A%D8%AA%D9%8A-%D8%B3%D9%83%D9%88%D8%AF%D8%A7-%D8%A7%D9%85%D8%A8%D9%8A%D8%B4%D9%86-a8-%D9%85%D9%88%D8%AF%D9%8A%D9%84-%D9%A2%D9%A0%D9%A2%D9%A1-%D8%B9%D8%A7%D9%85%D9%84%D9%87-%D9%81%D8%A7%D8%A8%D8%B1%D9%8A%D9%83%D8%A7-%D8%B5%D9%8A%D8%A7%D9%86%D8%A7%D8%AA-%D8%AA%D9%88%D9%83%D9%8A%D9%84-ID195907159.html,"New Cairo - El Tagamoa, Cairo•",https://images.olx.com.eg/thumbnails/50714860-240x180.jpeg
124,A7 للبيع حاله جيده,"EGP 625,000",https://www.olx.com.eg/en/ad/a7-%D9%84%D9%84%D8%A8%D9%8A%D8%B9-%D8%AD%D8%A7%D9%84%D9%87-%D8%AC%D9%8A%D8%AF%D9%87-ID195891722.html,"Victoria, Alexandria•",https://images.olx.com.eg/thumbnails/50635263-240x180.jpeg
125,Octavia A8 Style Plus,"EGP 1,010,000",https://www.olx.com.eg/en/ad/octavia-a8-style-plus-ID195897067.html,"New Cairo - El Tagamoa, Cairo•",https://images.olx.com.eg/thumbnails/50665623-240x180.jpeg
126,سكودا a7 أعلي فئة حالة نادره جدا جدا جدا,"EGP 530,000",https://www.olx.com.eg/en/ad/%D8%B3%D9%83%D9%88%D8%AF%D8%A7-a7-%D8%A3%D8%B9%D9%84%D9%8A-%D9%81%D8%A6%D8%A9-%D8%AD%D8%A7%D9%84%D8%A9-%D9%86%D8%A7%D8%AF%D8%B1%D9%87-%D8%AC%D8%AF%D8%A7-%D8%AC%D8%AF%D8%A7-%D8%AC%D8%AF%D8%A7-ID195887167.html,"Maadi, Cairo•",https://images.olx.com.eg/thumbnails/50613197-240x180.jpeg
127,2023 kodiaq zero,"EGP 1,700,000",https://www.olx.com.eg/en/ad/2023-kodiaq-zero-ID195894434.html,"Rehab City, Cairo•",https://images.olx.com.eg/thumbnails/50650408-240x180.jpeg
128,سكودا اوكتافيا A8 2022 اتوماتيك / Style جديدة للبيع و بالتقسيط,"EGP 315,000",https://www.olx.com.eg/en/ad/%D8%B3%D9%83%D9%88%D8%AF%D8%A7-%D8%A7%D9%88%D9%83%D8%AA%D8%A7%D9%81%D9%8A%D8%A7-a8-2022-%D8%A7%D8%AA%D9%88%D9%85%D8%A7%D8%AA%D9%8A%D9%83-style-%D8%AC%D8%AF%D9%8A%D8%AF%D8%A9-%D9%84%D9%84%D8%A8%D9%8A%D8%B9-%D9%88-%D8%A8%D8%A7%D9%84%D8%AA%D9%82%D8%B3%D9%8A%D8%B7-ID193642758.html,"Rehab City, Cairo•",https://images.olx.com.eg/thumbnails/39253401-240x180.jpeg
129,سكودا A8 2021 اعلي فقه ستايل,"EGP 990,000",https://www.olx.com.eg/en/ad/%D8%B3%D9%83%D9%88%D8%AF%D8%A7-a8-2021-%D8%A7%D8%B9%D9%84%D9%8A-%D9%81%D9%82%D9%87-%D8%B3%D8%AA%D8%A7%D9%8A%D9%84-ID195892802.html,"Maadi, Cairo•",https://images.olx.com.eg/thumbnails/50641358-240x180.jpeg
130,كودياك,"EGP 1,500,000",https://www.olx.com.eg/en/ad/%D9%83%D9%88%D8%AF%D9%8A%D8%A7%D9%83-ID195891144.html,"Mokattam, Cairo•",https://images.olx.com.eg/thumbnails/50632406-240x180.jpeg
131,كبوت a8ورفرف يمين ابيض من الداخل الخارج فلر 2022,"EGP 15,000",https://www.olx.com.eg/en/ad/%D9%83%D8%A8%D9%88%D8%AA-a8%D9%88%D8%B1%D9%81%D8%B1%D9%81-%D9%8A%D9%85%D9%8A%D9%86-%D8%A7%D8%A8%D9%8A%D8%B6-%D9%85%D9%86-%D8%A7%D9%84%D8%AF%D8%A7%D8%AE%D9%84-%D8%A7%D9%84%D8%AE%D8%A7%D8%B1%D8%AC-%D9%81%D9%84%D8%B1-2022-ID194619034.html,"Mansura, Dakahlia•",https://images.olx.com.eg/thumbnails/44215106-240x180.jpeg
132,Skoda,"EGP 1,075,000",https://www.olx.com.eg/en/ad/skoda-ID195885689.html,"Al Manial, Cairo•",https://images.olx.com.eg/thumbnails/50606228-240x180.jpeg
133,كودياك أعلى فئه اوتوماتيك بحاله الزيروو للبيع كاش اوتقسيط,"EGP 499,000",https://www.olx.com.eg/en/ad/%D9%83%D9%88%D8%AF%D9%8A%D8%A7%D9%83-%D8%A3%D8%B9%D9%84%D9%89-%D9%81%D8%A6%D9%87-%D8%A7%D9%88%D8%AA%D9%88%D9%85%D8%A7%D8%AA%D9%8A%D9%83-%D8%A8%D8%AD%D8%A7%D9%84%D9%87-%D8%A7%D9%84%D8%B2%D9%8A%D8%B1%D9%88%D9%88-%D9%84%D9%84%D8%A8%D9%8A%D8%B9-%D9%83%D8%A7%D8%B4-%D8%A7%D9%88%D8%AA%D9%82%D8%B3%D9%8A%D8%B7-ID195884964.html,"Smoha, Alexandria•",https://images.olx.com.eg/thumbnails/50602781-240x180.jpeg
134,اوكتافيا a8,"EGP 950,000",https://www.olx.com.eg/en/ad/%D8%A7%D9%88%D9%83%D8%AA%D8%A7%D9%81%D9%8A%D8%A7-a8-ID195884870.html,"Hadayek 6th of October, Giza•",https://images.olx.com.eg/thumbnails/50602313-240x180.jpeg
135,كودياك ٢٠١٩ ديناميك صيانه توكيل,"EGP 1,100,000",https://www.olx.com.eg/en/ad/%D9%83%D9%88%D8%AF%D9%8A%D8%A7%D9%83-%D9%A2%D9%A0%D9%A1%D9%A9-%D8%AF%D9%8A%D9%86%D8%A7%D9%85%D9%8A%D9%83-%D8%B5%D9%8A%D8%A7%D9%86%D9%87-%D8%AA%D9%88%D9%83%D9%8A%D9%84-ID195883789.html,"New Cairo - El Tagamoa, Cairo•",https://images.olx.com.eg/thumbnails/50597008-240x180.jpeg
136,kodiak ambition فبريكا كودياك امبيشن من المالك,"EGP 1,325,000",https://www.olx.com.eg/en/ad/kodiak-ambition-%D9%81%D8%A8%D8%B1%D9%8A%D9%83%D8%A7-%D9%83%D9%88%D8%AF%D9%8A%D8%A7%D9%83-%D8%A7%D9%85%D8%A8%D9%8A%D8%B4%D9%86-%D9%85%D9%86-%D8%A7%D9%84%D9%85%D8%A7%D9%84%D9%83-ID195882200.html,"New Cairo - El Tagamoa, Cairo•",https://images.olx.com.eg/thumbnails/50589356-240x180.jpeg
137,skoda a8 ambition zero,"EGP 990,000",https://www.olx.com.eg/en/ad/skoda-a8-ambition-zero-ID195876575.html,"Madinaty, Cairo•",https://images.olx.com.eg/thumbnails/50559191-240x180.jpeg
138,Skoda Octavia A8 VRS 2022,"EGP 1,475,000",https://www.olx.com.eg/en/ad/skoda-octavia-a8-vrs-2022-ID195771918.html,"Sheikh Zayed, Giza•",https://images.olx.com.eg/thumbnails/50029981-240x180.jpeg
139,اسكودا A7 موديل 2016 موتور 1600,"EGP 520,000",https://www.olx.com.eg/en/ad/%D8%A7%D8%B3%D9%83%D9%88%D8%AF%D8%A7-a7-%D9%85%D9%88%D8%AF%D9%8A%D9%84-2016-%D9%85%D9%88%D8%AA%D9%88%D8%B1-1600-ID195866383.html,"Fleming, Alexandria•",https://images.olx.com.eg/thumbnails/50509024-240x180.jpeg
140,سكودا A8 2022 فابريكة كسر زيرو ادفع 239 الف واستلم عربيتك و هديتك,"EGP 885,000",https://www.olx.com.eg/en/ad/%D8%B3%D9%83%D9%88%D8%AF%D8%A7-a8-2022-%D9%81%D8%A7%D8%A8%D8%B1%D9%8A%D9%83%D8%A9-%D9%83%D8%B3%D8%B1-%D8%B2%D9%8A%D8%B1%D9%88-%D8%A7%D8%AF%D9%81%D8%B9-239-%D8%A7%D9%84%D9%81-%D9%88%D8%A7%D8%B3%D8%AA%D9%84%D9%85-%D8%B9%D8%B1%D8%A8%D9%8A%D8%AA%D9%83-%D9%88-%D9%87%D8%AF%D9%8A%D8%AA%D9%83-ID195865283.html,"Al Ibrahimiyyah, Alexandria•",https://images.olx.com.eg/thumbnails/50503801-240x180.jpeg
141,كودياك ستايل,"EGP 1,450,000",https://www.olx.com.eg/en/ad/%D9%83%D9%88%D8%AF%D9%8A%D8%A7%D9%83-%D8%B3%D8%AA%D8%A7%D9%8A%D9%84-ID195864002.html,"Heliopolis, Cairo•",https://images.olx.com.eg/thumbnails/50497424-240x180.jpeg
142,"""سكودا 2022 ( اوكتافيا - A8 )ستايل بلاس","EGP 990,000",https://www.olx.com.eg/en/ad/%D8%B3%D9%83%D9%88%D8%AF%D8%A7-2022-%D8%A7%D9%88%D9%83%D8%AA%D8%A7%D9%81%D9%8A%D8%A7-a8-%D8%B3%D8%AA%D8%A7%D9%8A%D9%84-%D8%A8%D9%84%D8%A7%D8%B3-ID195849040.html,"Nasr City, Cairo•",https://images.olx.com.eg/thumbnails/50419818-240x180.jpeg
143,سكودا اوكتافيا A8 2022 Ambition فابريكا كسر زيرو ادفع 240000 وقسط,"EGP 311,000",https://www.olx.com.eg/en/ad/%D8%B3%D9%83%D9%88%D8%AF%D8%A7-%D8%A7%D9%88%D9%83%D8%AA%D8%A7%D9%81%D9%8A%D8%A7-a8-2022-ambition-%D9%81%D8%A7%D8%A8%D8%B1%D9%8A%D9%83%D8%A7-%D9%83%D8%B3%D8%B1-%D8%B2%D9%8A%D8%B1%D9%88-%D8%A7%D8%AF%D9%81%D8%B9-240000-%D9%88%D9%82%D8%B3%D8%B7-ID195848209.html,"Al Ibrahimiyyah, Alexandria•",https://images.olx.com.eg/thumbnails/50415694-240x180.jpeg
144,skoda kodiaq 2020 fabrikaaa,"EGP 1,250,000",https://www.olx.com.eg/en/ad/skoda-kodiaq-2020-fabrikaaa-ID195845427.html,"Nasr City, Cairo•",https://images.olx.com.eg/thumbnails/50401515-240x180.jpeg
145,سكودا A8 فابريكا بالكامل Ebmtion بمقدم 240000وقسط بأقل فائده,"EGP 310,000",https://www.olx.com.eg/en/ad/%D8%B3%D9%83%D9%88%D8%AF%D8%A7-a8-%D9%81%D8%A7%D8%A8%D8%B1%D9%8A%D9%83%D8%A7-%D8%A8%D8%A7%D9%84%D9%83%D8%A7%D9%85%D9%84-ebmtion-%D8%A8%D9%85%D9%82%D8%AF%D9%85-240000%D9%88%D9%82%D8%B3%D8%B7-%D8%A8%D8%A3%D9%82%D9%84-%D9%81%D8%A7%D8%A6%D8%AF%D9%87-ID195843770.html,"Al Ibrahimiyyah, Alexandria•",https://images.olx.com.eg/thumbnails/50392777-240x180.jpeg
146,اوكتافيا A8 امبيشن فبريكاا قسط مع الفريد باقل مقدم 270000واستلم,"EGP 320,000",https://www.olx.com.eg/en/ad/%D8%A7%D9%88%D9%83%D8%AA%D8%A7%D9%81%D9%8A%D8%A7-a8-%D8%A7%D9%85%D8%A8%D9%8A%D8%B4%D9%86-%D9%81%D8%A8%D8%B1%D9%8A%D9%83%D8%A7%D8%A7-%D9%82%D8%B3%D8%B7-%D9%85%D8%B9-%D8%A7%D9%84%D9%81%D8%B1%D9%8A%D8%AF-%D8%A8%D8%A7%D9%82%D9%84-%D9%85%D9%82%D8%AF%D9%85-270000%D9%88%D8%A7%D8%B3%D8%AA%D9%84%D9%85-ID195843344.html,"Al Ibrahimiyyah, Alexandria•",https://images.olx.com.eg/thumbnails/50390550-240x180.jpeg
147,سكودا كودياك 2022 زيرو لون مميز,"EGP 1,675,000",https://www.olx.com.eg/en/ad/%D8%B3%D9%83%D9%88%D8%AF%D8%A7-%D9%83%D9%88%D8%AF%D9%8A%D8%A7%D9%83-2022-%D8%B2%D9%8A%D8%B1%D9%88-%D9%84%D9%88%D9%86-%D9%85%D9%85%D9%8A%D8%B2-ID195838393.html,"Heliopolis, Cairo•",https://images.olx.com.eg/thumbnails/51776324-240x180.jpeg
148,سكودا أوكتافيا A8 2021,"EGP 880,000",https://www.olx.com.eg/en/ad/%D8%B3%D9%83%D9%88%D8%AF%D8%A7-%D8%A3%D9%88%D9%83%D8%AA%D8%A7%D9%81%D9%8A%D8%A7-a8-2021-ID195741182.html,"Nasr City, Cairo•",https://images.olx.com.eg/thumbnails/49871869-240x180.jpeg
149,سكودا A8 أعلى فئة ستايل بلاس كالزيرو,"EGP 1,040,000",https://www.olx.com.eg/en/ad/%D8%B3%D9%83%D9%88%D8%AF%D8%A7-a8-%D8%A3%D8%B9%D9%84%D9%89-%D9%81%D8%A6%D8%A9-%D8%B3%D8%AA%D8%A7%D9%8A%D9%84-%D8%A8%D9%84%D8%A7%D8%B3-%D9%83%D8%A7%D9%84%D8%B2%D9%8A%D8%B1%D9%88-ID195829869.html,"Heliopolis, Cairo•",https://images.olx.com.eg/thumbnails/50322508-240x180.jpeg
150,سكودا كودياك اقل مقدم فى مصر + هدية فورية,"EGP 250,000",https://www.olx.com.eg/en/ad/%D8%B3%D9%83%D9%88%D8%AF%D8%A7-%D9%83%D9%88%D8%AF%D9%8A%D8%A7%D9%83-%D8%A7%D9%82%D9%84-%D9%85%D9%82%D8%AF%D9%85-%D9%81%D9%89-%D9%85%D8%B5%D8%B1-%D9%87%D8%AF%D9%8A%D8%A9-%D9%81%D9%88%D8%B1%D9%8A%D8%A9-ID193614042.html,"Nasr City, Cairo•",https://images.olx.com.eg/thumbnails/39109577-240x180.jpeg
151,سكودا اوكتافيا للبيع A8,"EGP 1,100,000",https://www.olx.com.eg/en/ad/%D8%B3%D9%83%D9%88%D8%AF%D8%A7-%D8%A7%D9%88%D9%83%D8%AA%D8%A7%D9%81%D9%8A%D8%A7-%D9%84%D9%84%D8%A8%D9%8A%D8%B9-a8-ID195726311.html,"New Cairo - El Tagamoa, Cairo•",https://images.olx.com.eg/thumbnails/50016287-240x180.jpeg
152,سكودا اوكتافيا A8 الفئة الثانية 2022,"EGP 312,500",https://www.olx.com.eg/en/ad/%D8%B3%D9%83%D9%88%D8%AF%D8%A7-%D8%A7%D9%88%D9%83%D8%AA%D8%A7%D9%81%D9%8A%D8%A7-a8-%D8%A7%D9%84%D9%81%D8%A6%D8%A9-%D8%A7%D9%84%D8%AB%D8%A7%D9%86%D9%8A%D8%A9-2022-ID195562770.html,"Heliopolis, Cairo•",https://images.olx.com.eg/thumbnails/48976831-240x180.jpeg
153,سكودا كودياك 2018 معاقين,"EGP 760,000",https://www.olx.com.eg/en/ad/%D8%B3%D9%83%D9%88%D8%AF%D8%A7-%D9%83%D9%88%D8%AF%D9%8A%D8%A7%D9%83-2018-%D9%85%D8%B9%D8%A7%D9%82%D9%8A%D9%86-ID194229561.html,"Smoha, Alexandria•",https://images.olx.com.eg/thumbnails/50288616-240x180.jpeg
154,اسكودا فليشيا موديل ٩٧ للبيع,"EGP 58,000",https://www.olx.com.eg/en/ad/%D8%A7%D8%B3%D9%83%D9%88%D8%AF%D8%A7-%D9%81%D9%84%D9%8A%D8%B4%D9%8A%D8%A7-%D9%85%D9%88%D8%AF%D9%8A%D9%84-%D9%A9%D9%A7-%D9%84%D9%84%D8%A8%D9%8A%D8%B9-ID195807736.html,"Obour City, Cairo•",https://images.olx.com.eg/thumbnails/50214366-240x180.jpeg
155,Skoda A7 Model 2014 فبريكه بالكامل,"EGP 490,000",https://www.olx.com.eg/en/ad/skoda-a7-model-2014-%D9%81%D8%A8%D8%B1%D9%8A%D9%83%D9%87-%D8%A8%D8%A7%D9%84%D9%83%D8%A7%D9%85%D9%84-ID195805664.html,"New Nozha, Cairo•",https://images.olx.com.eg/thumbnails/50204715-240x180.jpeg
156,Skoda Kodiaq 1500 CC 2023,"EGP 1,500,000",https://www.olx.com.eg/en/ad/skoda-kodiaq-1500-cc-2023-ID194830266.html,"New Cairo - El Tagamoa, Cairo•",https://images.olx.com.eg/thumbnails/45401934-240x180.jpeg
157,اوكتافيا A5 2007 لدي اوتو مفتاح لتجارة السيارات,"EGP 345,000",https://www.olx.com.eg/en/ad/%D8%A7%D9%88%D9%83%D8%AA%D8%A7%D9%81%D9%8A%D8%A7-a5-2007-%D9%84%D8%AF%D9%8A-%D8%A7%D9%88%D8%AA%D9%88-%D9%85%D9%81%D8%AA%D8%A7%D8%AD-%D9%84%D8%AA%D8%AC%D8%A7%D8%B1%D8%A9-%D8%A7%D9%84%D8%B3%D9%8A%D8%A7%D8%B1%D8%A7%D8%AA-ID195795753.html,"Seyouf, Alexandria•",https://images.olx.com.eg/thumbnails/50152751-240x180.jpeg
158,skoda kodiaq 2022,"EGP 525,000",https://www.olx.com.eg/en/ad/skoda-kodiaq-2022-ID195618904.html,"Nasr City, Cairo•",https://images.olx.com.eg/thumbnails/50677446-240x180.jpeg
159,سكودا a8 ستايل بلس ٢٠٢١,"EGP 1,150,000",https://www.olx.com.eg/en/ad/%D8%B3%D9%83%D9%88%D8%AF%D8%A7-a8-%D8%B3%D8%AA%D8%A7%D9%8A%D9%84-%D8%A8%D9%84%D8%B3-%D9%A2%D9%A0%D9%A2%D9%A1-ID195740392.html,"Desouk, Kafr al-Sheikh•",https://images.olx.com.eg/thumbnails/49867888-240x180.jpeg
160,سكودا كودياك ٧راكب,"EGP 1,250,000",https://www.olx.com.eg/en/ad/%D8%B3%D9%83%D9%88%D8%AF%D8%A7-%D9%83%D9%88%D8%AF%D9%8A%D8%A7%D9%83-%D9%A7%D8%B1%D8%A7%D9%83%D8%A8-ID195749381.html,"Mohandessin, Giza•",https://images.olx.com.eg/thumbnails/49916845-240x180.jpeg
161,اسكودا A8,"EGP 1,250,000",https://www.olx.com.eg/en/ad/%D8%A7%D8%B3%D9%83%D9%88%D8%AF%D8%A7-a8-ID195648337.html,"Tanta, Gharbia•",https://images.olx.com.eg/thumbnails/49403354-240x180.jpeg
162,Skoda Kodiak Sport Line 2023سكودا كودياك,"EGP 1,835,000",https://www.olx.com.eg/en/ad/skoda-kodiak-sport-line-2023%D8%B3%D9%83%D9%88%D8%AF%D8%A7-%D9%83%D9%88%D8%AF%D9%8A%D8%A7%D9%83-ID195734448.html,"Rehab City, Cairo•",https://images.olx.com.eg/thumbnails/49840004-240x180.jpeg
163,Skoda Kodiaq Sport Line 2023,"EGP 1,850,000",https://www.olx.com.eg/en/ad/skoda-kodiaq-sport-line-2023-ID195730730.html,"Damietta City, Damietta•",https://images.olx.com.eg/thumbnails/49820752-240x180.jpeg
164,فانوس امامي و اكصدام و رفرف سكودا اوكتافيا a8 2022,"EGP 20,000",https://www.olx.com.eg/en/ad/%D9%81%D8%A7%D9%86%D9%88%D8%B3-%D8%A7%D9%85%D8%A7%D9%85%D9%8A-%D9%88-%D8%A7%D9%83%D8%B5%D8%AF%D8%A7%D9%85-%D9%88-%D8%B1%D9%81%D8%B1%D9%81-%D8%B3%D9%83%D9%88%D8%AF%D8%A7-%D8%A7%D9%88%D9%83%D8%AA%D8%A7%D9%81%D9%8A%D8%A7-a8-2022-ID195720607.html,"Hadayek al-Ahram, Giza•",https://images.olx.com.eg/thumbnails/49768978-240x180.jpeg
165,اوكتافيا A7 بدون ملحوظة,"EGP 690,000",https://www.olx.com.eg/en/ad/%D8%A7%D9%88%D9%83%D8%AA%D8%A7%D9%81%D9%8A%D8%A7-a7-%D8%A8%D8%AF%D9%88%D9%86-%D9%85%D9%84%D8%AD%D9%88%D8%B8%D8%A9-ID195705294.html,"Mahalla al-Kobra, Gharbia•",https://images.olx.com.eg/thumbnails/49692141-240x180.jpeg
166,A7 model 2018,"EGP 700,000",https://www.olx.com.eg/en/ad/a7-model-2018-ID195697697.html,"Heliopolis, Cairo•",https://images.olx.com.eg/thumbnails/49655087-240x180.jpeg
167,Skoda- A7 - 2020 - تانى فئة,"EGP 745,000",https://www.olx.com.eg/en/ad/skoda-a7-2020-%D8%AA%D8%A7%D9%86%D9%89-%D9%81%D8%A6%D8%A9-ID195683556.html,"Heliopolis, Cairo•",https://images.olx.com.eg/thumbnails/49585438-240x180.jpeg
168,skoda A8 style,"EGP 900,000",https://www.olx.com.eg/en/ad/skoda-a8-style-ID195684931.html,"Ataba, Cairo•",https://images.olx.com.eg/thumbnails/49592532-240x180.jpeg
169,سكودا اوكتافيا A8,"EGP 300,000",https://www.olx.com.eg/en/ad/%D8%B3%D9%83%D9%88%D8%AF%D8%A7-%D8%A7%D9%88%D9%83%D8%AA%D8%A7%D9%81%D9%8A%D8%A7-a8-ID180935641.html,"Nasr City, Cairo•",https://images.olx.com.eg/thumbnails/19808169-240x180.jpeg
170,سكودا a8 امبيشن,"EGP 180,000",https://www.olx.com.eg/en/ad/%D8%B3%D9%83%D9%88%D8%AF%D8%A7-a8-%D8%A7%D9%85%D8%A8%D9%8A%D8%B4%D9%86-ID178381962.html,"Obour City, Cairo•",https://images.olx.com.eg/thumbnails/19792771-240x180.jpeg
171,كودياك اسبورت لاين,"EGP 1,800,000",https://www.olx.com.eg/en/ad/%D9%83%D9%88%D8%AF%D9%8A%D8%A7%D9%83-%D8%A7%D8%B3%D8%A8%D9%88%D8%B1%D8%AA-%D9%84%D8%A7%D9%8A%D9%86-ID195666018.html,"Tanta, Gharbia•",https://images.olx.com.eg/thumbnails/49492984-240x180.jpeg
172,اسكودا اوكتافيا استايل بلس skoda octavia a8 style plus 2021,"EGP 1,100,000",https://www.olx.com.eg/en/ad/%D8%A7%D8%B3%D9%83%D9%88%D8%AF%D8%A7-%D8%A7%D9%88%D9%83%D8%AA%D8%A7%D9%81%D9%8A%D8%A7-%D8%A7%D8%B3%D8%AA%D8%A7%D9%8A%D9%84-%D8%A8%D9%84%D8%B3-skoda-octavia-a8-style-plus-2021-ID195646579.html,"Sadat, Monufia•",https://images.olx.com.eg/thumbnails/49393895-240x180.jpeg
173,سكودا اوكتافيا امبشن 2022 A8,"EGP 1,070,000",https://www.olx.com.eg/en/ad/%D8%B3%D9%83%D9%88%D8%AF%D8%A7-%D8%A7%D9%88%D9%83%D8%AA%D8%A7%D9%81%D9%8A%D8%A7-%D8%A7%D9%85%D8%A8%D8%B4%D9%86-2022-a8-ID195546477.html,"Maadi, Cairo•",https://images.olx.com.eg/thumbnails/48891469-240x180.jpeg
174,Car for sale,"EGP 1,150,000",https://www.olx.com.eg/en/ad/car-for-sale-ID195637204.html,"Smoha, Alexandria•",https://images.olx.com.eg/thumbnails/49346818-240x180.jpeg
175,سكودا اوكتافيا A7 موديل 2015,"EGP 520,000",https://www.olx.com.eg/en/ad/%D8%B3%D9%83%D9%88%D8%AF%D8%A7-%D8%A7%D9%88%D9%83%D8%AA%D8%A7%D9%81%D9%8A%D8%A7-a7-%D9%85%D9%88%D8%AF%D9%8A%D9%84-2015-ID195634407.html,"Mahalla al-Kobra, Gharbia•",https://images.olx.com.eg/thumbnails/49332883-240x180.jpeg
176,Skoda octavia A8 STYLE,"EGP 4,444",https://www.olx.com.eg/en/ad/skoda-octavia-a8-style-ID195620300.html,"Al Manial, Cairo•",https://images.olx.com.eg/thumbnails/49259710-240x180.jpeg
177,سكودا اوكتافيا A8 Ambition,"EGP 299,000",https://www.olx.com.eg/en/ad/%D8%B3%D9%83%D9%88%D8%AF%D8%A7-%D8%A7%D9%88%D9%83%D8%AA%D8%A7%D9%81%D9%8A%D8%A7-a8-ambition-ID195284321.html,"Nasr City, Cairo•",https://images.olx.com.eg/thumbnails/47557583-240x180.jpeg
178,اسكودا A5,"EGP 330,000",https://www.olx.com.eg/en/ad/%D8%A7%D8%B3%D9%83%D9%88%D8%AF%D8%A7-a5-ID195547702.html,"Mahalla al-Kobra, Gharbia•",https://images.olx.com.eg/thumbnails/48897612-240x180.jpeg
179,Skoda A8 zeroo,"EGP 10,000",https://www.olx.com.eg/en/ad/skoda-a8-zeroo-ID195553811.html,"Sidi Gaber, Alexandria•",https://images.olx.com.eg/thumbnails/48931447-240x180.jpeg
180,سكودا كودياك جميع الفئات,"EGP 250,000",https://www.olx.com.eg/en/ad/%D8%B3%D9%83%D9%88%D8%AF%D8%A7-%D9%83%D9%88%D8%AF%D9%8A%D8%A7%D9%83-%D8%AC%D9%85%D9%8A%D8%B9-%D8%A7%D9%84%D9%81%D8%A6%D8%A7%D8%AA-ID194819339.html,"Nasr City, Cairo•",https://images.olx.com.eg/thumbnails/45227341-240x180.jpeg
181,سكودا اوكتافيا A8 2022 اتوماتيك / AMBITION للبيع كاش او بالتقسيط,"EGP 230,000",https://www.olx.com.eg/en/ad/%D8%B3%D9%83%D9%88%D8%AF%D8%A7-%D8%A7%D9%88%D9%83%D8%AA%D8%A7%D9%81%D9%8A%D8%A7-a8-2022-%D8%A7%D8%AA%D9%88%D9%85%D8%A7%D8%AA%D9%8A%D9%83-ambition-%D9%84%D9%84%D8%A8%D9%8A%D8%B9-%D9%83%D8%A7%D8%B4-%D8%A7%D9%88-%D8%A8%D8%A7%D9%84%D8%AA%D9%82%D8%B3%D9%8A%D8%B7-ID186669574.html,"New Cairo - El Tagamoa, Cairo•",https://images.olx.com.eg/thumbnails/45116792-240x180.jpeg
